round,avg_acc,chosen_aggregators,passed,failed,reputations,client_sizes
1,0.9625,[0],"[0, 1, 2]",[3],"{""0"": 1.5, ""1"": 1.2, ""2"": 1.2, ""3"": -0.9}","{""0"": 27000, ""1"": 10800, ""2"": 10800, ""3"": 5400}"
2,0.9785,[0],"[0, 1, 2, 3]",[],"{""0"": 2.5, ""1"": 2.2, ""2"": 2.2, ""3"": 0.09999999999999998}","{""0"": 27000, ""1"": 10800, ""2"": 10800, ""3"": 5400}"
3,0.9835,[0],"[0, 1, 2, 3]",[],"{""0"": 3.5, ""1"": 3.2, ""2"": 3.2, ""3"": 1.1}","{""0"": 27000, ""1"": 10800, ""2"": 10800, ""3"": 5400}"
1,0.9615,[0],"[0, 1, 2, 3]",[],"{""0"": 1.5, ""1"": 1.2, ""2"": 1.2, ""3"": 1.1}","{""0"": 27000, ""1"": 10800, ""2"": 10800, ""3"": 5400}"
2,0.9773333333333334,[0],"[0, 1, 2, 3]",[],"{""0"": 2.5, ""1"": 2.2, ""2"": 2.2, ""3"": 2.1}","{""0"": 27000, ""1"": 10800, ""2"": 10800, ""3"": 5400}"
3,0.9815,[0],"[0, 1, 2, 3]",[],"{""0"": 3.5, ""1"": 3.2, ""2"": 3.2, ""3"": 3.1}","{""0"": 27000, ""1"": 10800, ""2"": 10800, ""3"": 5400}"
1,0.9615,[0],"[0, 1, 2]",[3],"{""0"": 0.73044, ""1"": 0.42224, ""2"": 0.4184, ""3"": -0.11427999999999999}","{""0"": 27000, ""1"": 10800, ""2"": 10800, ""3"": 5400}",0.6,0.4,0.9,0.2
2,0.9776666666666667,[0],"[0, 1, 2, 3]",[],"{""0"": 0.9639599999999999, ""1"": 0.65388, ""2"": 0.6506, ""3"": 0.11556}","{""0"": 27000, ""1"": 10800, ""2"": 10800, ""3"": 5400}",0.6,0.4,0.9,0.2
3,0.9821666666666666,[0],"[0, 1, 2, 3]",[],"{""0"": 1.19716, ""1"": 0.88708, ""2"": 0.8839199999999999, ""3"": 0.34912}","{""0"": 27000, ""1"": 10800, ""2"": 10800, ""3"": 5400}",0.6,0.4,0.9,0.2
1,0.9631666666666666,[0],"[0, 1, 2]",[3],"{""0"": 0.7303999999999999, ""1"": 0.4264, ""2"": 0.42808, ""3"": -0.11016000000000001}","{""0"": 27000, ""1"": 10800, ""2"": 10800, ""3"": 5400}",0.6,0.4,0.9,0.2,0.1145,0.9631666666666666,0.8486666666666666,0
2,0.982,[0],"[0, 1, 2, 3]",[],"{""0"": 0.96456, ""1"": 0.65896, ""2"": 0.66144, ""3"": 0.12163999999999997}","{""0"": 27000, ""1"": 10800, ""2"": 10800, ""3"": 5400}",0.6,0.4,0.9,0.2,0.9631666666666666,0.982,0.01883333333333337,0
3,0.9833333333333333,[0],"[0, 1, 2, 3]",[],"{""0"": 1.19884, ""1"": 0.8939999999999999, ""2"": 0.89624, ""3"": 0.35488}","{""0"": 27000, ""1"": 10800, ""2"": 10800, ""3"": 5400}",0.6,0.4,0.9,0.2,0.982,0.9833333333333333,0.0013333333333332975,0
4,0.9865,[0],"[0, 1, 2, 3]",[],"{""0"": 1.4342799999999998, ""1"": 1.1297599999999999, ""2"": 1.13104, ""3"": 0.5900399999999999}","{""0"": 27000, ""1"": 10800, ""2"": 10800, ""3"": 5400}",0.6,0.4,0.9,0.2,0.9833333333333333,0.9865,0.003166666666666762,0
5,0.9871666666666666,[0],"[0, 1, 2, 3]",[],"{""0"": 1.6693599999999997, ""1"": 1.3658, ""2"": 1.36516, ""3"": 0.8256799999999999}","{""0"": 27000, ""1"": 10800, ""2"": 10800, ""3"": 5400}",0.6,0.4,0.9,0.2,0.9865,0.9871666666666666,0.0006666666666665932,1
1,0.9418333333333333,[1],"[0, 1, 3, 6]","[2, 4, 5, 7, 8, 9]","{""0"": 0.3382, ""1"": 0.4336, ""2"": -0.028519999999999993, ""3"": 0.5485599999999999, ""4"": -0.04628, ""5"": -0.13376, ""6"": 0.36816, ""7"": -0.07476, ""8"": -0.11027999999999999, ""9"": -0.016279999999999996}","{""0"": 6480, ""1"": 11340, ""2"": 1080, ""3"": 17280, ""4"": 1620, ""5"": 2700, ""6"": 8100, ""7"": 1620, ""8"": 3240, ""9"": 540}",0.6,0.4,0.9,0.2,0.09966666666666667,0.9418333333333333,0.8421666666666666,0
2,0.9678333333333333,[1],"[0, 1, 2, 3, 4, 5, 6, 7, 8, 9]",[],"{""0"": 0.56592, ""1"": 0.66144, ""2"": 0.19744, ""3"": 0.7801199999999999, ""4"": 0.17828, ""5"": 0.09340000000000001, ""6"": 0.59572, ""7"": 0.1524, ""8"": 0.11008000000000001, ""9"": 0.2084}","{""0"": 6480, ""1"": 11340, ""2"": 1080, ""3"": 17280, ""4"": 1620, ""5"": 2700, ""6"": 8100, ""7"": 1620, ""8"": 3240, ""9"": 540}",0.6,0.4,0.9,0.2,0.9418333333333333,0.9678333333333333,0.026000000000000023,0
3,0.9761666666666666,[1],"[0, 1, 2, 3, 4, 5, 6, 7, 8, 9]",[],"{""0"": 0.79736, ""1"": 0.88976, ""2"": 0.42891999999999997, ""3"": 1.0135999999999998, ""4"": 0.40828, ""5"": 0.3254, ""6"": 0.82588, ""7"": 0.38208, ""8"": 0.33864, ""9"": 0.4396}","{""0"": 6480, ""1"": 11340, ""2"": 1080, ""3"": 17280, ""4"": 1620, ""5"": 2700, ""6"": 8100, ""7"": 1620, ""8"": 3240, ""9"": 540}",0.6,0.4,0.9,0.2,0.9678333333333333,0.9761666666666666,0.008333333333333304,0
4,0.9818333333333333,[1],"[0, 1, 2, 3, 4, 5, 6, 7, 8, 9]",[],"{""0"": 1.0306799999999998, ""1"": 1.1234, ""2"": 0.6601999999999999, ""3"": 1.2452799999999997, ""4"": 0.6371199999999999, ""5"": 0.5572, ""6"": 1.05864, ""7"": 0.61444, ""8"": 0.5704, ""9"": 0.67268}","{""0"": 6480, ""1"": 11340, ""2"": 1080, ""3"": 17280, ""4"": 1620, ""5"": 2700, ""6"": 8100, ""7"": 1620, ""8"": 3240, ""9"": 540}",0.6,0.4,0.9,0.2,0.9761666666666666,0.9818333333333333,0.005666666666666709,0
5,0.9846666666666668,[1],"[0, 1, 2, 3, 4, 5, 6, 7, 8, 9]",[],"{""0"": 1.263, ""1"": 1.35692, ""2"": 0.8949599999999999, ""3"": 1.4804799999999998, ""4"": 0.8705999999999999, ""5"": 0.7893600000000001, ""6"": 1.2928, ""7"": 0.84876, ""8"": 0.80396, ""9"": 0.90716}","{""0"": 6480, ""1"": 11340, ""2"": 1080, ""3"": 17280, ""4"": 1620, ""5"": 2700, ""6"": 8100, ""7"": 1620, ""8"": 3240, ""9"": 540}",0.6,0.4,0.9,0.2,0.9818333333333333,0.9846666666666667,0.0028333333333333544,0
6,0.9853333333333334,[1],"[0, 1, 2, 3, 4, 5, 6, 7, 8, 9]",[],"{""0"": 1.4978799999999999, ""1"": 1.5922399999999999, ""2"": 1.1297599999999999, ""3"": 1.7121199999999999, ""4"": 1.1058, ""5"": 1.02296, ""6"": 1.5275599999999998, ""7"": 1.08372, ""8"": 1.0366, ""9"": 1.14292}","{""0"": 6480, ""1"": 11340, ""2"": 1080, ""3"": 17280, ""4"": 1620, ""5"": 2700, ""6"": 8100, ""7"": 1620, ""8"": 3240, ""9"": 540}",0.6,0.4,0.9,0.2,0.9846666666666667,0.9853333333333333,0.0006666666666665932,1
1,0.969,"[0, 1]","[""a9a0ecfa7b63a1ae94467f94432839400508a22fad339d041f55b6a6798de392"", ""a9a0ecfa7b63a1ae94467f94432839400508a22fad339d041f55b6a6798de392""]",a9a0ecfa7b63a1ae94467f94432839400508a22fad339d041f55b6a6798de392,2,1,0,"[0, 1, 2]",[3],"{""0"": 0.73244, ""1"": 0.42616, ""2"": 0.42428, ""3"": -0.10543999999999998}","{""0"": 27000, ""1"": 10800, ""2"": 10800, ""3"": 5400}",0.6,0.4,0.9,0.2,0.0525,0.969,0.9165,0
2,0.9808333333333333,"[0, 1]","[""4ed497ca270e4e46f77be5b374eadd537169f9cbf8ff6b01dcbbed61d70056d5"", ""4ed497ca270e4e46f77be5b374eadd537169f9cbf8ff6b01dcbbed61d70056d5""]",4ed497ca270e4e46f77be5b374eadd537169f9cbf8ff6b01dcbbed61d70056d5,2,1,0,"[0, 1, 2, 3]",[],"{""0"": 0.96656, ""1"": 0.65916, ""2"": 0.65548, ""3"": 0.12528000000000003}","{""0"": 27000, ""1"": 10800, ""2"": 10800, ""3"": 5400}",0.6,0.4,0.9,0.2,0.969,0.9808333333333333,0.011833333333333362,0
3,0.9821666666666666,"[0, 1]","[""235817949909b61adfac968ad59b9ca70a8705f4364b36ced1a0d8b4cb333925"", ""235817949909b61adfac968ad59b9ca70a8705f4364b36ced1a0d8b4cb333925""]",235817949909b61adfac968ad59b9ca70a8705f4364b36ced1a0d8b4cb333925,2,1,0,"[0, 1, 2, 3]",[],"{""0"": 1.20196, ""1"": 0.8906, ""2"": 0.88884, ""3"": 0.35924}","{""0"": 27000, ""1"": 10800, ""2"": 10800, ""3"": 5400}",0.6,0.4,0.9,0.2,0.9808333333333333,0.9821666666666666,0.0013333333333332975,0
4,0.9833333333333333,"[0, 1]","[""6cbaa4372c42b877a46afa63625927ce235cbd96955ad1d649146a1d4cd43a4d"", ""6cbaa4372c42b877a46afa63625927ce235cbd96955ad1d649146a1d4cd43a4d""]",6cbaa4372c42b877a46afa63625927ce235cbd96955ad1d649146a1d4cd43a4d,2,1,0,"[0, 1, 2, 3]",[],"{""0"": 1.4367199999999998, ""1"": 1.1244399999999999, ""2"": 1.12384, ""3"": 0.5942799999999999}","{""0"": 27000, ""1"": 10800, ""2"": 10800, ""3"": 5400}",0.6,0.4,0.9,0.2,0.9821666666666666,0.9833333333333333,0.0011666666666666492,0
5,0.9865,"[0, 1]","[""419e0c25e7f83d8553a43b986dd6009df299fd19d9d1f55fc133db761e34498f"", ""419e0c25e7f83d8553a43b986dd6009df299fd19d9d1f55fc133db761e34498f""]",419e0c25e7f83d8553a43b986dd6009df299fd19d9d1f55fc133db761e34498f,2,1,0,"[0, 1, 2, 3]",[],"{""0"": 1.6723599999999998, ""1"": 1.36008, ""2"": 1.35936, ""3"": 0.8290799999999999}","{""0"": 27000, ""1"": 10800, ""2"": 10800, ""3"": 5400}",0.6,0.4,0.9,0.2,0.9833333333333333,0.9865,0.003166666666666762,0
6,0.987,"[0, 1]","[""7e815e95aeaab060368e8939e8ae2f742a24a778523ba20c35eebfb1ea2c87b6"", ""7e815e95aeaab060368e8939e8ae2f742a24a778523ba20c35eebfb1ea2c87b6""]",7e815e95aeaab060368e8939e8ae2f742a24a778523ba20c35eebfb1ea2c87b6,2,1,0,"[0, 1, 2, 3]",[],"{""0"": 1.9079599999999999, ""1"": 1.5959599999999998, ""2"": 1.5946399999999998, ""3"": 1.0644799999999999}","{""0"": 27000, ""1"": 10800, ""2"": 10800, ""3"": 5400}",0.6,0.4,0.9,0.2,0.9865,0.987,0.0004999999999999449,1
1,0.9681666666666666,"[0, 1]","[""f7deddc4388b3dd11f4167af820338e9ab9b964cff8b81fcc610952eecb10d34"", ""f7deddc4388b3dd11f4167af820338e9ab9b964cff8b81fcc610952eecb10d34""]",f7deddc4388b3dd11f4167af820338e9ab9b964cff8b81fcc610952eecb10d34,2,1,0,"[0, 1, 2]",[3],"{""0"": 0.73272, ""1"": 0.4224, ""2"": 0.42823999999999995, ""3"": -0.11295999999999998}","{""0"": 27000, ""1"": 10800, ""2"": 10800, ""3"": 5400}",0.6,0.4,0.9,0.2,0.10183333333333333,0.9681666666666666,0.8663333333333333,0
2,0.98,"[0, 1]","[""35406cc59b46d16fd788a01104d7b4275d799710d2cc1f91cc69fc955d95d15b"", ""35406cc59b46d16fd788a01104d7b4275d799710d2cc1f91cc69fc955d95d15b""]",35406cc59b46d16fd788a01104d7b4275d799710d2cc1f91cc69fc955d95d15b,2,1,0,"[0, 1, 2, 3]",[],"{""0"": 0.96508, ""1"": 0.65388, ""2"": 0.66016, ""3"": 0.11884}","{""0"": 27000, ""1"": 10800, ""2"": 10800, ""3"": 5400}",0.6,0.4,0.9,0.2,0.9681666666666666,0.98,0.011833333333333362,0
3,0.9818333333333333,"[0, 1]","[""1cc7d3f62535b8b52b4a25a17963766962228016000879dbd26d1ad61dd76a75"", ""1cc7d3f62535b8b52b4a25a17963766962228016000879dbd26d1ad61dd76a75""]",1cc7d3f62535b8b52b4a25a17963766962228016000879dbd26d1ad61dd76a75,2,1,0,"[0, 1, 2, 3]",[],"{""0"": 1.19988, ""1"": 0.8881600000000001, ""2"": 0.89344, ""3"": 0.35312}","{""0"": 27000, ""1"": 10800, ""2"": 10800, ""3"": 5400}",0.6,0.4,0.9,0.2,0.98,0.9818333333333333,0.0018333333333333535,0
4,0.985,"[0, 1]","[""ecf7afdc5365f2d4fd3ee20c907aa863471111e592623686eeacdf47da5ce016"", ""ecf7afdc5365f2d4fd3ee20c907aa863471111e592623686eeacdf47da5ce016""]",ecf7afdc5365f2d4fd3ee20c907aa863471111e592623686eeacdf47da5ce016,2,1,0,"[0, 1, 2, 3]",[],"{""0"": 1.4348400000000001, ""1"": 1.12316, ""2"": 1.1286, ""3"": 0.58668}","{""0"": 27000, ""1"": 10800, ""2"": 10800, ""3"": 5400}",0.6,0.4,0.9,0.2,0.9818333333333333,0.985,0.003166666666666651,0
5,0.9873333333333333,"[0, 1]","[""8c7838ca7a1166a7d5c33f210df5a598ac3cfe555fdb38e3a983577fc3a0bc96"", ""8c7838ca7a1166a7d5c33f210df5a598ac3cfe555fdb38e3a983577fc3a0bc96""]",8c7838ca7a1166a7d5c33f210df5a598ac3cfe555fdb38e3a983577fc3a0bc96,2,1,0,"[0, 1, 2, 3]",[],"{""0"": 1.6706800000000002, ""1"": 1.3566799999999999, ""2"": 1.36384, ""3"": 0.82016}","{""0"": 27000, ""1"": 10800, ""2"": 10800, ""3"": 5400}",0.6,0.4,0.9,0.2,0.985,0.9873333333333333,0.0023333333333332984,0
6,0.9876666666666667,"[0, 1]","[""bd455d9b43381b13c5b812419b923cfaa8493bf5cb0108caf71802b2ec894e0c"", ""bd455d9b43381b13c5b812419b923cfaa8493bf5cb0108caf71802b2ec894e0c""]",bd455d9b43381b13c5b812419b923cfaa8493bf5cb0108caf71802b2ec894e0c,2,1,0,"[0, 1, 2, 3]",[],"{""0"": 1.9064800000000002, ""1"": 1.5928399999999998, ""2"": 1.59856, ""3"": 1.05472}","{""0"": 27000, ""1"": 10800, ""2"": 10800, ""3"": 5400}",0.6,0.4,0.9,0.2,0.9873333333333333,0.9876666666666667,0.00033333333333340764,1
1,0.964,"[0, 1]","[""2662a994ea384a73a84910643a24064c1dd6aad206907ebdeac4f666b739037d"", ""2662a994ea384a73a84910643a24064c1dd6aad206907ebdeac4f666b739037d""]",2662a994ea384a73a84910643a24064c1dd6aad206907ebdeac4f666b739037d,2,1,0,"[0, 1, 2, 3]",[],"{""0"": 0.73144, ""1"": 0.425, ""2"": 0.42516, ""3"": 0.31779999999999997}","{""0"": 27000, ""1"": 10800, ""2"": 10800, ""3"": 5400}",0.6,0.4,0.9,0.2,0.143,0.964,0.821,0,0.15,0.6
2,0.9768333333333333,"[0, 1]","[""15d811e282198f7f4ece0c6beb82dc11a15ffded0cc8d6cbe400208f7b529b7f"", ""15d811e282198f7f4ece0c6beb82dc11a15ffded0cc8d6cbe400208f7b529b7f""]",15d811e282198f7f4ece0c6beb82dc11a15ffded0cc8d6cbe400208f7b529b7f,2,1,0,"[0, 1, 2, 3]",[],"{""0"": 0.9646399999999999, ""1"": 0.65716, ""2"": 0.6576799999999999, ""3"": 0.5488}","{""0"": 27000, ""1"": 10800, ""2"": 10800, ""3"": 5400}",0.6,0.4,0.9,0.2,0.964,0.9768333333333333,0.012833333333333363,0,0.15,0.6
3,0.9816666666666667,"[1, 0]","[""f1c2deb94f4593010aaf05c3f2a096fe4c350a26b963d66baa086111d6055c66"", ""f1c2deb94f4593010aaf05c3f2a096fe4c350a26b963d66baa086111d6055c66""]",f1c2deb94f4593010aaf05c3f2a096fe4c350a26b963d66baa086111d6055c66,2,1,0,"[0, 1, 2, 3]",[],"{""0"": 1.1983199999999998, ""1"": 0.88876, ""2"": 0.89276, ""3"": 0.7799999999999999}","{""0"": 27000, ""1"": 10800, ""2"": 10800, ""3"": 5400}",0.6,0.4,0.9,0.2,0.9768333333333333,0.9816666666666667,0.004833333333333356,0,0.15,0.6
4,0.9841666666666666,"[0, 1]","[""7cd0b921b365e783542c2c307ea8b7596af0f49b3b873da0fc7273b5e2a335e5"", ""7cd0b921b365e783542c2c307ea8b7596af0f49b3b873da0fc7273b5e2a335e5""]",7cd0b921b365e783542c2c307ea8b7596af0f49b3b873da0fc7273b5e2a335e5,2,1,0,"[0, 1, 2, 3]",[],"{""0"": 1.4337999999999997, ""1"": 1.12416, ""2"": 1.12676, ""3"": 1.01504}","{""0"": 27000, ""1"": 10800, ""2"": 10800, ""3"": 5400}",0.6,0.4,0.9,0.2,0.9816666666666667,0.9841666666666666,0.0024999999999999467,0,0.15,0.6
5,0.9866666666666667,"[1, 0]","[""49a8d62f26da083ce8d22092b2ff13f4d3f6047f812ec2da1ac5ffd6209978b9"", ""49a8d62f26da083ce8d22092b2ff13f4d3f6047f812ec2da1ac5ffd6209978b9""]",49a8d62f26da083ce8d22092b2ff13f4d3f6047f812ec2da1ac5ffd6209978b9,2,1,0,"[0, 1, 2, 3]",[],"{""0"": 1.6699599999999997, ""1"": 1.35968, ""2"": 1.3622, ""3"": 1.2488}","{""0"": 27000, ""1"": 10800, ""2"": 10800, ""3"": 5400}",0.6,0.4,0.9,0.2,0.9841666666666666,0.9866666666666667,0.0025000000000000577,0,0.15,0.6
6,0.9863333333333333,"[0, 1]","[""da29fdee67055725b8a42f46a3de651384e163c7449b0c5bef93139491d7af7b"", ""da29fdee67055725b8a42f46a3de651384e163c7449b0c5bef93139491d7af7b""]",da29fdee67055725b8a42f46a3de651384e163c7449b0c5bef93139491d7af7b,2,1,0,"[0, 1, 2, 3]",[],"{""0"": 1.9053999999999998, ""1"": 1.5954, ""2"": 1.5984800000000001, ""3"": 1.48552}","{""0"": 27000, ""1"": 10800, ""2"": 10800, ""3"": 5400}",0.6,0.4,0.9,0.2,0.9866666666666667,0.9863333333333333,0.00033333333333340764,1,0.15,0.6
1,0.962,"[0, 2]","[""470f4d981a3155a70594651d4b67fa87dfb60e70d47cd1088fb7edd4858a2e42"", ""470f4d981a3155a70594651d4b67fa87dfb60e70d47cd1088fb7edd4858a2e42""]",470f4d981a3155a70594651d4b67fa87dfb60e70d47cd1088fb7edd4858a2e42,2,1,0,"[0, 1, 2]",[3],"{""0"": 0.73096, ""1"": 0.4224, ""2"": 0.42628, ""3"": -0.11395999999999998}","{""0"": 27000, ""1"": 10800, ""2"": 10800, ""3"": 5400}",0.6,0.4,0.9,0.2,0.0975,0.962,0.8644999999999999,0,0.15,0.6
2,0.979,"[0, 2]","[""0ef605411e744e9a4e57282152a4912e98b862735db082ed4ddf627bf4e40081"", ""0ef605411e744e9a4e57282152a4912e98b862735db082ed4ddf627bf4e40081""]",0ef605411e744e9a4e57282152a4912e98b862735db082ed4ddf627bf4e40081,2,1,0,"[0, 1, 2, 3]",[],"{""0"": 0.96508, ""1"": 0.65184, ""2"": 0.6568, ""3"": 0.11656000000000002}","{""0"": 27000, ""1"": 10800, ""2"": 10800, ""3"": 5400}",0.6,0.4,0.9,0.2,0.962,0.979,0.017000000000000015,0,0.15,0.6
3,0.9805,"[2, 0]","[""cd49073147d97064696e332d7a341e0a3b2e5d953b6b64948ffaaebb86261987"", ""cd49073147d97064696e332d7a341e0a3b2e5d953b6b64948ffaaebb86261987""]",cd49073147d97064696e332d7a341e0a3b2e5d953b6b64948ffaaebb86261987,2,1,0,"[0, 1, 2, 3]",[],"{""0"": 1.19836, ""1"": 0.8863599999999999, ""2"": 0.8912800000000001, ""3"": 0.34968}","{""0"": 27000, ""1"": 10800, ""2"": 10800, ""3"": 5400}",0.6,0.4,0.9,0.2,0.979,0.9805,0.0015000000000000568,0,0.15,0.6
4,0.9866666666666667,"[0, 3]","[""2c8fbff08cb28dc799e77d9700e32f0ecf0c31dc9f5e313128ea3d22a01b65df"", ""2c8fbff08cb28dc799e77d9700e32f0ecf0c31dc9f5e313128ea3d22a01b65df""]",2c8fbff08cb28dc799e77d9700e32f0ecf0c31dc9f5e313128ea3d22a01b65df,2,1,0,"[0, 1, 2, 3]",[],"{""0"": 1.43324, ""1"": 1.1208, ""2"": 1.12632, ""3"": 0.58432}","{""0"": 27000, ""1"": 10800, ""2"": 10800, ""3"": 5400}",0.6,0.4,0.9,0.2,0.9805,0.9866666666666667,0.006166666666666654,0,0.15,0.6
5,0.9858333333333333,"[2, 0]","[""9a30f73ad630b67c1f389f363a5cb3fb74c9a28615a2aac8c1fa7c5dd2b9b1ea"", ""9a30f73ad630b67c1f389f363a5cb3fb74c9a28615a2aac8c1fa7c5dd2b9b1ea""]",9a30f73ad630b67c1f389f363a5cb3fb74c9a28615a2aac8c1fa7c5dd2b9b1ea,2,1,0,"[0, 1, 2, 3]",[],"{""0"": 1.66892, ""1"": 1.35608, ""2"": 1.36144, ""3"": 0.81904}","{""0"": 27000, ""1"": 10800, ""2"": 10800, ""3"": 5400}",0.6,0.4,0.9,0.2,0.9866666666666667,0.9858333333333333,0.0008333333333333526,1,0.15,0.6
1,0.964,"[0, 2]","[""1ff508e451900507d5f126ae7e7d1dd8931dffde5c8ac921f788bce3f30f30bb"", ""1ff508e451900507d5f126ae7e7d1dd8931dffde5c8ac921f788bce3f30f30bb""]",1ff508e451900507d5f126ae7e7d1dd8931dffde5c8ac921f788bce3f30f30bb,2,1,0,"[0, 1, 2]","[3, 4, 5]","{""0"": 0.6318, ""1"": 0.42568, ""2"": 0.42776000000000003, ""3"": -0.11587999999999998, ""4"": -0.1376, ""5"": -0.14171999999999998}","{""0"": 21600, ""1"": 10800, ""2"": 10800, ""3"": 5400, ""4"": 3240, ""5"": 2160}",0.6,0.4,0.9,0.2,0.1125,0.964,0.8514999999999999,0
2,0.9761666666666665,"[2, 0]","[""4149f66c6e678963b0dba48bbce4a49429354652d6cc89eb3e012a9a48c9fbbe"", ""4149f66c6e678963b0dba48bbce4a49429354652d6cc89eb3e012a9a48c9fbbe""]",4149f66c6e678963b0dba48bbce4a49429354652d6cc89eb3e012a9a48c9fbbe,2,1,0,"[0, 1, 2, 3, 4, 5]",[],"{""0"": 0.86388, ""1"": 0.6555599999999999, ""2"": 0.65688, ""3"": 0.11356, ""4"": 0.09151999999999999, ""5"": 0.08776000000000003}","{""0"": 21600, ""1"": 10800, ""2"": 10800, ""3"": 5400, ""4"": 3240, ""5"": 2160}",0.6,0.4,0.9,0.2,0.964,0.9761666666666666,0.012166666666666659,0
3,0.9819999999999999,"[2, 0]","[""034fa8d614600a29a264c7ab06aa7075ac7f726be2525c346675cf4fdd3f70ae"", ""034fa8d614600a29a264c7ab06aa7075ac7f726be2525c346675cf4fdd3f70ae""]",034fa8d614600a29a264c7ab06aa7075ac7f726be2525c346675cf4fdd3f70ae,2,1,0,"[0, 1, 2, 3, 4, 5]",[],"{""0"": 1.09784, ""1"": 0.88896, ""2"": 0.88964, ""3"": 0.34696, ""4"": 0.32455999999999996, ""5"": 0.31988000000000005}","{""0"": 21600, ""1"": 10800, ""2"": 10800, ""3"": 5400, ""4"": 3240, ""5"": 2160}",0.6,0.4,0.9,0.2,0.9761666666666666,0.982,0.005833333333333357,0
4,0.9843333333333333,"[0, 1]","[""94ae55d47658045d889081300bfe9e6454075062b6fd29ea370ff950764f7c04"", ""94ae55d47658045d889081300bfe9e6454075062b6fd29ea370ff950764f7c04""]",94ae55d47658045d889081300bfe9e6454075062b6fd29ea370ff950764f7c04,2,1,0,"[0, 1, 2, 3, 4, 5]",[],"{""0"": 1.3323999999999998, ""1"": 1.1232, ""2"": 1.1237599999999999, ""3"": 0.5804, ""4"": 0.5598, ""5"": 0.554}","{""0"": 21600, ""1"": 10800, ""2"": 10800, ""3"": 5400, ""4"": 3240, ""5"": 2160}",0.6,0.4,0.9,0.2,0.982,0.9843333333333333,0.0023333333333332984,0
5,0.9813333333333333,"[3, 1]","[""6657ee2276f41754202255ab17089d7a2367b8a734a82cec63cae5d051c62368"", ""6657ee2276f41754202255ab17089d7a2367b8a734a82cec63cae5d051c62368""]",6657ee2276f41754202255ab17089d7a2367b8a734a82cec63cae5d051c62368,2,1,0,"[0, 1, 2, 3, 4, 5]",[],"{""0"": 1.5649999999999997, ""1"": 1.357, ""2"": 1.35568, ""3"": 0.81516, ""4"": 0.7931199999999999, ""5"": 0.78896}","{""0"": 21600, ""1"": 10800, ""2"": 10800, ""3"": 5400, ""4"": 3240, ""5"": 2160}",0.6,0.4,0.9,0.2,0.9843333333333333,0.9813333333333333,0.0030000000000000027,0
6,0.9858333333333333,"[0, 3]","[""d54d14795e71b287b83a063acc879dd44a8c93c43155b566aa2ae27c5808f332"", ""d54d14795e71b287b83a063acc879dd44a8c93c43155b566aa2ae27c5808f332""]",d54d14795e71b287b83a063acc879dd44a8c93c43155b566aa2ae27c5808f332,2,1,0,"[0, 1, 2, 3, 4, 5]",[],"{""0"": 1.7994399999999997, ""1"": 1.59204, ""2"": 1.59104, ""3"": 1.05104, ""4"": 1.0284799999999998, ""5"": 1.02456}","{""0"": 21600, ""1"": 10800, ""2"": 10800, ""3"": 5400, ""4"": 3240, ""5"": 2160}",0.6,0.4,0.9,0.2,0.9813333333333333,0.9858333333333333,0.0045000000000000595,0
7,0.9878333333333332,"[3, 2]","[""6fbb1759223c0b0f2c05e4cfb90d5b9518ab61fe84e6b226f5296e7d8dee31f9"", ""6fbb1759223c0b0f2c05e4cfb90d5b9518ab61fe84e6b226f5296e7d8dee31f9""]",6fbb1759223c0b0f2c05e4cfb90d5b9518ab61fe84e6b226f5296e7d8dee31f9,2,1,0,"[0, 1, 2, 3, 4, 5]",[],"{""0"": 2.03536, ""1"": 1.8279999999999998, ""2"": 1.8276, ""3"": 1.286, ""4"": 1.2641999999999998, ""5"": 1.26016}","{""0"": 21600, ""1"": 10800, ""2"": 10800, ""3"": 5400, ""4"": 3240, ""5"": 2160}",0.6,0.4,0.9,0.2,0.9858333333333333,0.9878333333333333,0.0020000000000000018,0
8,0.9875000000000002,"[3, 1]","[""988be0535f5589ad9d374c14c6ea123e4e62b9b13c3f85258888cda58057355c"", ""988be0535f5589ad9d374c14c6ea123e4e62b9b13c3f85258888cda58057355c""]",988be0535f5589ad9d374c14c6ea123e4e62b9b13c3f85258888cda58057355c,2,1,0,"[0, 1, 2, 3, 4, 5]",[],"{""0"": 2.2714399999999997, ""1"": 2.06336, ""2"": 2.06352, ""3"": 1.52112, ""4"": 1.5003199999999999, ""5"": 1.49572}","{""0"": 21600, ""1"": 10800, ""2"": 10800, ""3"": 5400, ""4"": 3240, ""5"": 2160}",0.6,0.4,0.9,0.2,0.9878333333333333,0.9875,0.0003333333333332966,1
1,0.9635000000000001,"[0, 2]","[""ec8b1a7bf27e1d848372a31ceaeb8aceb9ad0bf15467b10faaa3b13617cbcceb"", ""ec8b1a7bf27e1d848372a31ceaeb8aceb9ad0bf15467b10faaa3b13617cbcceb""]",ec8b1a7bf27e1d848372a31ceaeb8aceb9ad0bf15467b10faaa3b13617cbcceb,2,1,0,"[0, 1, 2, 3]","[4, 5]","{""0"": 0.6307200000000001, ""1"": 0.42668, ""2"": 0.42816, ""3"": 0.31716, ""4"": -0.11972, ""5"": -0.07244}","{""0"": 21600, ""1"": 10800, ""2"": 10800, ""3"": 5400, ""4"": 3240, ""5"": 2160}",0.6,0.4,0.9,0.2,0.0975,0.9635,0.866,0
2,0.9778333333333333,"[3, 0]","[""3746c2eb2e75e5cfef59089b59bf08e0f17284af88860e8c0335da23a6312f94"", ""3746c2eb2e75e5cfef59089b59bf08e0f17284af88860e8c0335da23a6312f94""]",3746c2eb2e75e5cfef59089b59bf08e0f17284af88860e8c0335da23a6312f94,2,1,0,"[0, 1, 2, 3, 4, 5]",[],"{""0"": 0.86372, ""1"": 0.6574800000000001, ""2"": 0.6608, ""3"": 0.5474, ""4"": 0.10864000000000001, ""5"": 0.15891999999999998}","{""0"": 21600, ""1"": 10800, ""2"": 10800, ""3"": 5400, ""4"": 3240, ""5"": 2160}",0.6,0.4,0.9,0.21000000000000002,0.9635,0.9778333333333333,0.014333333333333309,0
1,0.9606666666666667,"[0, 2]","[""d0e0f6d7864f29853bba8a985bce21fd16a366680b8fbd5092d45dd097d37609"", ""d0e0f6d7864f29853bba8a985bce21fd16a366680b8fbd5092d45dd097d37609""]",d0e0f6d7864f29853bba8a985bce21fd16a366680b8fbd5092d45dd097d37609,2,1,0,"[0, 1, 2, 3]","[4, 5]","{""0"": 0.63208, ""1"": 0.4236, ""2"": 0.42691999999999997, ""3"": 0.31932000000000005, ""4"": -0.12868, ""5"": -0.08872}","{""0"": 21600, ""1"": 10800, ""2"": 10800, ""3"": 5400, ""4"": 3240, ""5"": 2160}",0.6,0.4,0.9,0.2,0.0995,0.9606666666666667,0.8611666666666666,0
2,0.9775,"[3, 0]","[""2cfda969480431d1e45abba04b316c4ed4d24469f9f750c859a8f7f3d7be7852"", ""2cfda969480431d1e45abba04b316c4ed4d24469f9f750c859a8f7f3d7be7852""]",2cfda969480431d1e45abba04b316c4ed4d24469f9f750c859a8f7f3d7be7852,2,1,0,"[0, 1, 2, 3, 4, 5]",[],"{""0"": 0.8649199999999999, ""1"": 0.65572, ""2"": 0.6592399999999999, ""3"": 0.5493600000000001, ""4"": 0.10052, ""5"": 0.1422}","{""0"": 21600, ""1"": 10800, ""2"": 10800, ""3"": 5400, ""4"": 3240, ""5"": 2160}",0.6,0.4,0.9,0.22000000000000003,0.9606666666666667,0.9775,0.016833333333333367,0
3,0.9821666666666666,"[3, 0]","[""bdcddc71ec5a07409b7eef613eb6082440208b955476b16cb32dcc09153ef6ba"", ""bdcddc71ec5a07409b7eef613eb6082440208b955476b16cb32dcc09153ef6ba""]",bdcddc71ec5a07409b7eef613eb6082440208b955476b16cb32dcc09153ef6ba,2,1,0,"[0, 1, 2, 3, 4, 5]",[],"{""0"": 1.0986799999999999, ""1"": 0.8870399999999999, ""2"": 0.8921999999999999, ""3"": 0.7833600000000001, ""4"": 0.33076, ""5"": 0.37592}","{""0"": 21600, ""1"": 10800, ""2"": 10800, ""3"": 5400, ""4"": 3240, ""5"": 2160}",0.6,0.4,0.9,0.24200000000000005,0.9775,0.9821666666666666,0.004666666666666597,0
4,0.9846666666666667,"[0, 1]","[""388c40290e4a80da3a0b9c39a19a9eb803d1b7912e420522dfe9e7e7e497dc13"", ""388c40290e4a80da3a0b9c39a19a9eb803d1b7912e420522dfe9e7e7e497dc13""]",388c40290e4a80da3a0b9c39a19a9eb803d1b7912e420522dfe9e7e7e497dc13,2,1,0,"[0, 1, 2, 3, 4, 5]",[],"{""0"": 1.3314799999999998, ""1"": 1.1217599999999999, ""2"": 1.12536, ""3"": 1.01664, ""4"": 0.5648, ""5"": 0.61024}","{""0"": 21600, ""1"": 10800, ""2"": 10800, ""3"": 5400, ""4"": 3240, ""5"": 2160}",0.6,0.4,0.9,0.26620000000000005,0.9821666666666666,0.9846666666666667,0.0025000000000000577,0
5,0.9858333333333333,"[3, 1]","[""01f69bf7a046d16a6126f138d18a1996bd907ff581c0c20ce86f09b30085f89f"", ""01f69bf7a046d16a6126f138d18a1996bd907ff581c0c20ce86f09b30085f89f""]",01f69bf7a046d16a6126f138d18a1996bd907ff581c0c20ce86f09b30085f89f,2,1,0,"[0, 1, 2, 3, 4, 5]",[],"{""0"": 1.5671599999999999, ""1"": 1.3563599999999998, ""2"": 1.3611199999999999, ""3"": 1.24904, ""4"": 0.7980799999999999, ""5"": 0.84424}","{""0"": 21600, ""1"": 10800, ""2"": 10800, ""3"": 5400, ""4"": 3240, ""5"": 2160}",0.6,0.4,0.9,0.2928200000000001,0.9846666666666667,0.9858333333333333,0.0011666666666666492,0
6,0.9863333333333332,"[0, 3]","[""1baeefa7ee464a4b8fb0817b641f4b6ff1f3a9c729f612aca45d2cf7bdad7711"", ""1baeefa7ee464a4b8fb0817b641f4b6ff1f3a9c729f612aca45d2cf7bdad7711""]",1baeefa7ee464a4b8fb0817b641f4b6ff1f3a9c729f612aca45d2cf7bdad7711,2,1,0,"[0, 1, 2, 3, 4, 5]",[],"{""0"": 1.8027199999999999, ""1"": 1.5917999999999997, ""2"": 1.5972799999999998, ""3"": 1.48464, ""4"": 1.0332, ""5"": 1.0786799999999999}","{""0"": 21600, ""1"": 10800, ""2"": 10800, ""3"": 5400, ""4"": 3240, ""5"": 2160}",0.6,0.4,0.9,0.3221020000000001,0.9858333333333333,0.9863333333333333,0.0004999999999999449,1
